run_id,model,seed,warmup_ratio,lr_scheduler,label_smoothing,test_token_f1,test_entity_f1,test_per_f1,test_loc_f1,test_org_f1,train_time_min
smoke_test_seed88,distilbert-base-cased,88,0.0,linear,0.0,0.9518176135364594,0.41780272654370487,0.23595505617977527,0.4569420035149385,0.4716031631919483,0.39422345129999786
phase_b_teacher_seed88,roberta-large,88,0.0,linear,0.0,0.9852512742042786,0.8468317247167436,0.9430604982206405,0.862681744749596,0.7936772046589018,40.88926113915
phase_b_teacher_seed5768,roberta-large,5768,0.0,linear,0.0,0.9852264162898072,0.8509905254091301,0.9562171628721542,0.8443708609271523,0.8020924149956408,47.71548305541668
phase_b_teacher_seed78516,roberta-large,78516,0.0,linear,0.0,0.9850035751555047,0.8475298126064736,0.9560632688927944,0.8543999999999999,0.7902946273830155,33.872921965516674
