run_id,model,seed,warmup_ratio,lr_scheduler,label_smoothing,test_token_f1,test_entity_f1,test_per_f1,test_loc_f1,test_org_f1,train_time_min
smoke_test_seed88,distilbert-base-cased,88,0.0,linear,0.0,0.9518176135364594,0.41780272654370487,0.23595505617977527,0.4569420035149385,0.4716031631919483,0.39422345129999786
phase_b_teacher_seed88,roberta-large,88,0.0,linear,0.0,0.9852512742042786,0.8468317247167436,0.9430604982206405,0.862681744749596,0.7936772046589018,40.88926113915
phase_b_teacher_seed5768,roberta-large,5768,0.0,linear,0.0,0.9852264162898072,0.8509905254091301,0.9562171628721542,0.8443708609271523,0.8020924149956408,47.71548305541668
phase_b_teacher_seed78516,roberta-large,78516,0.0,linear,0.0,0.9850035751555047,0.8475298126064736,0.9560632688927944,0.8543999999999999,0.7902946273830155,33.872921965516674
teacher_crf_seed88,roberta-large,88,0.0,linear,0.0,0.9853064741171329,0.8540268456375839,0.9616724738675957,0.8530805687203792,0.8020390824129142,24.390562066183335
teacher_crf_seed5768,roberta-large,5768,0.0,linear,0.0,0.9855167844822644,0.8504870817450233,0.9480968858131489,0.8543999999999999,0.7996545768566494,20.16357187665
teacher_crf_seed78516,roberta-large,78516,0.0,linear,0.0,0.9851863439325084,0.8518828451882845,0.9495652173913044,0.8454258675078864,0.8077900084674005,22.90075472036667
